Create|32|WorldContextObject:0:8|WidgetType:8:8|OwningPlayer:16:8|ReturnValue:24:8
SetInputMode_UIOnlyEx|18|PlayerController:0:8|InWidgetToFocus:8:8|InMouseLockMode:16:1|bFlushInput:17:1
SetInputMode_GameOnly|9|PlayerController:0:8|bFlushInput:8:1
SetIgnoreLookInput|1|bNewLookInput:0:1
SetIgnoreMoveInput|1|bNewMoveInput:0:1
AddToViewport|4|ZOrder:0:4
RemoveFromParent|0
GetOwningPlayer|8|ReturnValue:0:8
SetKeyboardFocus|0
SetVisibility|1|InVisibility:0:1
SetIsEnabled|1|bInIsEnabled:0:1
ClearChildren|0
AddChildToCanvas|16|Content:0:8|ReturnValue:8:8
SetPosition|16|InPosition:0:16
SetSize|16|InSize:0:16
SetHeightOverride|4|InHeightOverride:0:4
SetMinValue|4|InValue:0:4
SetMaxValue|4|InValue:0:4
SetStepSize|4|InValue:0:4
SetValue|4|InValue:0:4
GetValue|4|ReturnValue:0:4
SetIsChecked|1|InIsChecked:0:1
IsChecked|1|ReturnValue:0:1
ClearOptions|0
AddOption|16|Option:0:16
SetSelectedIndex|4|Index:0:4
GetSelectedIndex|4|ReturnValue:0:4
ScrollToStart|0
